<?xml version="1.0" encoding="utf-8"?>

<Strategies
    xmlns="http://www.fixprotocol.org/FIXatdl-1-1/Core"
    xmlns:val="http://www.fixprotocol.org/FIXatdl-1-1/Validation"
    xmlns:lay="http://www.fixprotocol.org/FIXatdl-1-1/Layout"
    xmlns:flow="http://www.fixprotocol.org/FIXatdl-1-1/Flow"
    xmlns:xsi="http://www.w3.org/2001/XMLSchema-instance"
    xsi:schemaLocation="http://www.fixprotocol.org/FIXatdl-1-1/Core"
    imageLocation="/images/banner.gif"
    strategyIdentifierTag="847"
    versionIdentifierTag="958">

  <Strategy name="RadioButtonListTests" uiRep="RadioButtonList Tests" wireValue="1" providerID="TEST">

		<Parameter name="Aggression" xsi:type="Char_t" fixTag="6408" use="optional">
			<EnumPair enumID="e_Low" wireValue="L"/>
			<EnumPair enumID="e_Medium" wireValue="S"/>
			<EnumPair enumID="e_High" wireValue="H"/>
		</Parameter>

		<Parameter name="AggressionHoriz" xsi:type="Char_t" fixTag="6407" use="optional">
			<EnumPair enumID="e_Low" wireValue="L"/>
			<EnumPair enumID="e_Med" wireValue="M"/>
			<EnumPair enumID="e_High" wireValue="H"/>
		</Parameter>
	
		<Parameter name="AggressionVert" xsi:type="Char_t" fixTag="6406" use="optional">
			<EnumPair enumID="e_L" wireValue="L"/>
			<EnumPair enumID="e_M" wireValue="M"/>
			<EnumPair enumID="e_H" wireValue="H"/>
		</Parameter>
	
		<Parameter name="AggressionHoriz_2" xsi:type="Char_t" fixTag="6405" use="optional">
			<EnumPair enumID="e_Low" wireValue="L"/>
			<EnumPair enumID="e_Med" wireValue="M"/>
			<EnumPair enumID="e_High" wireValue="H"/>
		</Parameter>
	
		<Parameter name="AggressionVert_2" xsi:type="Char_t" fixTag="6404" use="optional">
			<EnumPair enumID="e_L" wireValue="L"/>
			<EnumPair enumID="e_M" wireValue="M"/>
			<EnumPair enumID="e_H" wireValue="H"/>
		</Parameter>
	
			<Parameter name="IncludeAuctions" xsi:type="Int_t" fixTag="6403" use="required">
          <EnumPair enumID="None"  wireValue="0"/>
          <EnumPair enumID="Open"  wireValue="1"/>
          <EnumPair enumID="Close" wireValue="2"/>
          <EnumPair enumID="OpenAndClose" wireValue="3"/>
      </Parameter>

		<lay:StrategyLayout>
	
			<lay:StrategyPanel title="Strategy Parameters" collapsible="false" orientation="HORIZONTAL">
		
		      <lay:StrategyPanel collapsible="false" orientation="VERTICAL">
   
  		        <lay:StrategyPanel collapsible="false" orientation="HORIZONTAL" title="RadioButtonList controls with labels">
		
		          <lay:StrategyPanel collapsible="false" orientation="HORIZONTAL">
		          
   					<lay:Control ID="c_Aggression" xsi:type="lay:RadioButtonList_t" label="Aggression" initValue="e_Medium" parameterRef="Aggression">
   						<lay:ListItem enumID="e_Low" uiRep="Low"/>
   						<lay:ListItem enumID="e_Medium" uiRep="Medium"/>
   						<lay:ListItem enumID="e_High" uiRep="High"/>
   					</lay:Control>
		          
   					<lay:Control ID="c_AggressionHoriz" xsi:type="lay:RadioButtonList_t" label="Aggression (Horiz)" initValue="e_Med" parameterRef="AggressionHoriz" orientation="HORIZONTAL">
   						<lay:ListItem enumID="e_Low" uiRep="Low"/>
   						<lay:ListItem enumID="e_Med" uiRep="Medium"/>
   						<lay:ListItem enumID="e_High" uiRep="High"/>
   					</lay:Control>

   					<lay:Control ID="c_AggressionVert" xsi:type="lay:RadioButtonList_t" label="Aggression (Vert)" initValue="e_M" parameterRef="AggressionVert" orientation="VERTICAL">
   						<lay:ListItem enumID="e_L" uiRep="Low"/>
   						<lay:ListItem enumID="e_M" uiRep="Medium"/>
   						<lay:ListItem enumID="e_H" uiRep="High"/>
   					</lay:Control>

		          </lay:StrategyPanel>
		          
		        </lay:StrategyPanel>
		        
  		     <lay:StrategyPanel collapsible="false" orientation="HORIZONTAL" title="StrategyPanels with title containing RadioButtonList controls without labels">
  		     
		      <lay:StrategyPanel collapsible="false" orientation="VERTICAL" title="Aggresion (Horiz #2)">
   					<lay:Control ID="c_AggressionHoriz_2" xsi:type="lay:RadioButtonList_t" label="" initValue="e_Med" parameterRef="AggressionHoriz_2" orientation="HORIZONTAL">
   						<lay:ListItem enumID="e_Low" uiRep="Low"/>
   						<lay:ListItem enumID="e_Med" uiRep="Medium"/>
   						<lay:ListItem enumID="e_High" uiRep="High"/>
   					</lay:Control>
		      </lay:StrategyPanel>
		
		      <lay:StrategyPanel collapsible="false" orientation="VERTICAL" title="Aggresion (Vert #2)">
   					<lay:Control ID="c_AggressionVert_2" xsi:type="lay:RadioButtonList_t" label="" initValue="e_M" parameterRef="AggressionVert_2" orientation="VERTICAL">
   						<lay:ListItem enumID="e_L" uiRep="Low"/>
   						<lay:ListItem enumID="e_M" uiRep="Medium"/>
   						<lay:ListItem enumID="e_H" uiRep="High"/>
   					</lay:Control>
		      </lay:StrategyPanel>
		
          
   				<lay:StrategyPanel title="Include Auctions" collapsible="false" orientation="HORIZONTAL">
						<lay:Control ID="IncludeAuctionsField" xsi:type="lay:RadioButtonList_t" initValue="None" orientation="HORIZONTAL"
							label="" parameterRef="IncludeAuctions">
	                        <lay:ListItem uiRep="None" enumID="None"/>
	                        <lay:ListItem uiRep="Open" enumID="Open"/>
	                        <lay:ListItem uiRep="Close" enumID="Close"/>
	                        <lay:ListItem uiRep="Both" enumID="OpenAndClose"/>
						</lay:Control>
          </lay:StrategyPanel>
          
          </lay:StrategyPanel>
		
          </lay:StrategyPanel>

			</lay:StrategyPanel>

		</lay:StrategyLayout>

	</Strategy>
	
</Strategies>