<?xml version="1.0" encoding="utf-8"?>

<Strategies
    xmlns="http://www.fixprotocol.org/FIXatdl-1-1/Core"
    xmlns:val="http://www.fixprotocol.org/FIXatdl-1-1/Validation"
    xmlns:lay="http://www.fixprotocol.org/FIXatdl-1-1/Layout"
    xmlns:flow="http://www.fixprotocol.org/FIXatdl-1-1/Flow"
    xmlns:xsi="http://www.w3.org/2001/XMLSchema-instance"
    xsi:schemaLocation="http://www.fixprotocol.org/FIXatdl-1-1/Core"
    imageLocation="banner.gif"
    strategyIdentifierTag="847"
    versionIdentifierTag="958">

  <!-- Slider Sample -->
  <Strategy name="SpinnerSample" uiRep="Spinner Sample" wireValue="1" providerID="ABC">

		<Parameter name="p_IntNoRange" xsi:type="Int_t" fixTag="9999" use="optional" />
		<Parameter name="p_IntRange_1_to_100" xsi:type="Int_t" fixTag="9998" use="optional" minValue="1" maxValue="100"/>
		<Parameter name="p_FloatNoRange" xsi:type="Float_t" fixTag="9997" use="optional" />
		<Parameter name="p_FloatRange_1_to_2_5" xsi:type="Float_t" fixTag="9996" use="optional" minValue="1" maxValue="2.5"/>
		<Parameter name="p_QtyNoRange" xsi:type="Qty_t" fixTag="9995" use="optional" />
		<Parameter name="p_QtyRange_1_to_100000" xsi:type="Qty_t" fixTag="9994" use="optional" minValue="1" maxValue="100000"/>
		<Parameter name="p_PriceNoRange" xsi:type="Price_t" fixTag="9993" use="optional" />
		<Parameter name="p_PriceRange_01_to_99_9999" xsi:type="Price_t" fixTag="9992" use="optional" minValue=".01" maxValue="99.9999"/>
		
		<Parameter name="p_PctNoRange" xsi:type="Percentage_t" fixTag="9991" use="optional" />
		<Parameter name="p_PctRange_to_1_99" xsi:type="Percentage_t" fixTag="9990" use="optional" minValue="0.01" maxValue="0.99" />

    <lay:StrategyLayout>

	<lay:StrategyPanel title="Strategy Parameters" collapsible="false" orientation="VERTICAL">
                  
          <lay:Control ID="c_IntNoRange" xsi:type="lay:SingleSpinner_t" parameterRef="p_IntNoRange" label="Int (no range)" />
		 <lay:Control ID="c_IntRange_1_to_100" xsi:type="lay:SingleSpinner_t" parameterRef="p_IntRange_1_to_100" label="Int (1 to 100)" />
		 <lay:Control ID="c_FloatNoRange" xsi:type="lay:SingleSpinner_t" parameterRef="p_FloatNoRange" label="Float (no range)" />
		 <lay:Control ID="c_FloatRange_1_to_2_5" xsi:type="lay:SingleSpinner_t" parameterRef="p_FloatRange_1_to_2_5" label="Float (1 to 2.5)" />
		 <lay:Control ID="c_QtyNoRange" xsi:type="lay:SingleSpinner_t" parameterRef="p_QtyNoRange" label="Qty (no range)" />
		 <lay:Control ID="c_QtyRange_1_to_100000" xsi:type="lay:SingleSpinner_t" parameterRef="p_QtyRange_1_to_100000" label="Qty (1 to 100,000)" />
		 <lay:Control ID="c_PriceNoRange" xsi:type="lay:SingleSpinner_t" parameterRef="p_PriceNoRange" label="Price (no range)" />
		 <lay:Control ID="c_PriceRange_01_to_99_9999" xsi:type="lay:SingleSpinner_t" parameterRef="p_PriceRange_01_to_99_9999" label="Price (.01 to 99.9999)" />
		
		<lay:Control ID="c_PctNoRange" xsi:type="lay:SingleSpinner_t" parameterRef="p_PctNoRange" label="Pct (no range)" />
		<lay:Control ID="c_PctRange_to_1_99" xsi:type="lay:SingleSpinner_t" parameterRef="p_PctRange_to_1_99" label="Pct (1 - 99%)" />

	</lay:StrategyPanel>

    </lay:StrategyLayout>

  </Strategy>

  <!-- Slider Sample with incrementValue -->
  <Strategy name="SpinnerSample2" uiRep="Spinner Sample 2" wireValue="2" providerID="ABC">

		<Parameter name="p_IntNoRange" xsi:type="Int_t" fixTag="9999" use="optional" />
		<Parameter name="p_IntRange_1_to_100" xsi:type="Int_t" fixTag="9998" use="optional" minValue="1" maxValue="100"/>
		<Parameter name="p_FloatNoRange" xsi:type="Float_t" fixTag="9997" use="optional" />
		<Parameter name="p_FloatRange_1_to_2_5" xsi:type="Float_t" fixTag="9996" use="optional" minValue="1" maxValue="2.5"/>
		<Parameter name="p_QtyNoRange" xsi:type="Qty_t" fixTag="9995" use="optional" />
		<Parameter name="p_QtyRange_1_to_100000" xsi:type="Qty_t" fixTag="9994" use="optional" minValue="1" maxValue="100000"/>
		<Parameter name="p_PriceNoRange" xsi:type="Price_t" fixTag="9993" use="optional" />
		<Parameter name="p_PriceRange_01_to_99_9999" xsi:type="Price_t" fixTag="9992" use="optional" minValue=".01" maxValue="99.9999"/>
		
		<Parameter name="p_PctNoRange" xsi:type="Percentage_t" fixTag="9991" use="optional" />
		<Parameter name="p_PctRange_to_1_99" xsi:type="Percentage_t" fixTag="9990" use="optional" minValue="0.01" maxValue="0.99" />

    <lay:StrategyLayout>

	<lay:StrategyPanel title="Strategy Parameters" collapsible="false" orientation="VERTICAL">
                  
          <lay:Control ID="c_IntNoRange" xsi:type="lay:SingleSpinner_t" parameterRef="p_IntNoRange" label="Int (no range, increment=100)" increment="100" />
		 <lay:Control ID="c_IntRange_1_to_100" xsi:type="lay:SingleSpinner_t" parameterRef="p_IntRange_1_to_100" label="Int (1 to 100, increment=5)" increment="5" />
		 <lay:Control ID="c_FloatNoRange" xsi:type="lay:SingleSpinner_t" parameterRef="p_FloatNoRange" label="Float (no range, increment=0.005)" increment="0.005" />
		 <lay:Control ID="c_FloatRange_1_to_2_5" xsi:type="lay:SingleSpinner_t" parameterRef="p_FloatRange_1_to_2_5" label="Float (1 to 2.5, increment=0.5)" increment="0.5" />
		 <lay:Control ID="c_QtyNoRange" xsi:type="lay:SingleSpinner_t" parameterRef="p_QtyNoRange" label="Qty (no range, increment=50)" increment="50" />
		 <lay:Control ID="c_QtyRange_1_to_100000" xsi:type="lay:SingleSpinner_t" parameterRef="p_QtyRange_1_to_100000" label="Qty (1 to 100,000, increment=1000)" increment="1000" />
		 <lay:Control ID="c_PriceNoRange" xsi:type="lay:SingleSpinner_t" parameterRef="p_PriceNoRange" label="Price (no range, increment=0.5)" increment="0.5" />
		 <lay:Control ID="c_PriceRange_01_to_99_9999" xsi:type="lay:SingleSpinner_t" parameterRef="p_PriceRange_01_to_99_9999" label="Price (.01 to 99.9999, increment=0.25)" increment="0.25" />
		
		<lay:Control ID="c_PctNoRange" xsi:type="lay:SingleSpinner_t" parameterRef="p_PctNoRange" label="Pct (no range, increment=5)" increment="5" />
		<lay:Control ID="c_PctRange_to_1_99" xsi:type="lay:SingleSpinner_t" parameterRef="p_PctRange_to_1_99" label="Pct (1 - 99%, increment=5)" increment="5" />

	</lay:StrategyPanel>

    </lay:StrategyLayout>

  </Strategy>
  
 <!-- Slider Sample with incrementValue of Lot and Tick -->
  <Strategy name="SpinnerSample3" uiRep="Spinner Sample 3" wireValue="3" providerID="ABC">

		<Parameter name="p_IntNoRange" xsi:type="Int_t" fixTag="9999" use="optional" />
		<Parameter name="p_IntRange_1_to_100" xsi:type="Int_t" fixTag="9998" use="optional" minValue="1" maxValue="100"/>
		<Parameter name="p_QtyNoRange" xsi:type="Qty_t" fixTag="9995" use="optional" />
		<Parameter name="p_QtyRange_1_to_100000" xsi:type="Qty_t" fixTag="9994" use="optional" minValue="1" maxValue="100000"/>
		<Parameter name="p_PriceNoRange" xsi:type="Price_t" fixTag="9993" use="optional" />
		<Parameter name="p_PriceRange_01_to_99_9999" xsi:type="Price_t" fixTag="9992" use="optional" minValue=".01" maxValue="99.9999"/>
		
    <lay:StrategyLayout>

	<lay:StrategyPanel title="Strategy Parameters" collapsible="false" orientation="VERTICAL">
                  
          <lay:Control ID="c_IntNoRange" xsi:type="lay:SingleSpinner_t" parameterRef="p_IntNoRange" label="Int (no range, increment=100, incrementPolicy=LotSize)" increment="100" incrementPolicy="LotSize" />
		 <lay:Control ID="c_IntRange_1_to_100" xsi:type="lay:SingleSpinner_t" parameterRef="p_IntRange_1_to_100" label="Int (1 to 100, increment=5, incrementPolicy=LotSize)" increment="5" incrementPolicy="LotSize" />
		 <lay:Control ID="c_QtyNoRange" xsi:type="lay:SingleSpinner_t" parameterRef="p_QtyNoRange" label="Qty (no range, increment=50, incrementPolicy=LotSize)" increment="50" incrementPolicy="LotSize" />
		 <lay:Control ID="c_QtyRange_1_to_100000" xsi:type="lay:SingleSpinner_t" parameterRef="p_QtyRange_1_to_100000" label="Qty (1 to 100,000, increment=1000, incrementPolicy=LotSize)" increment="1000" incrementPolicy="LotSize" />
		 <lay:Control ID="c_PriceNoRange" xsi:type="lay:SingleSpinner_t" parameterRef="p_PriceNoRange" label="Price (no range, increment=0.5, incrementPolicy=Tick)" increment="0.5" incrementPolicy="Tick" />
		 <lay:Control ID="c_PriceRange_01_to_99_9999" xsi:type="lay:SingleSpinner_t" parameterRef="p_PriceRange_01_to_99_9999" label="Price (.01 to 99.9999, increment=0.25, incrementPolicy=Tick)" increment="0.25" incrementPolicy="Tick" />

	</lay:StrategyPanel>

    </lay:StrategyLayout>

  </Strategy>
  
 <!-- Slider Sample with incrementValue of Lot and Tick and precision -->
  <Strategy name="SpinnerSample4" uiRep="Spinner Sample 4" wireValue="4" providerID="ABC">

		<Parameter name="p_IntNoRange" xsi:type="Int_t" fixTag="9999" use="optional" />
		<Parameter name="p_IntRange_1_to_100" xsi:type="Int_t" fixTag="9998" use="optional" minValue="1" maxValue="100"/>
		<Parameter name="p_QtyNoRange" xsi:type="Qty_t" fixTag="9995" use="optional" precision="2" />
		<Parameter name="p_QtyRange_1_to_100000" xsi:type="Qty_t" fixTag="9994" use="optional" minValue="1" maxValue="100000" precision="0"/>
		<Parameter name="p_PriceNoRange" xsi:type="Price_t" fixTag="9993" use="optional" precision="2"/>
		<Parameter name="p_PriceRange_01_to_99_9999" xsi:type="Price_t" fixTag="9992" use="optional" minValue=".01" maxValue="99.9999" precision="4"/>
		
    <lay:StrategyLayout>

	<lay:StrategyPanel title="Strategy Parameters" collapsible="false" orientation="VERTICAL">
                  
          <lay:Control ID="c_IntNoRange" xsi:type="lay:SingleSpinner_t" parameterRef="p_IntNoRange" label="Int (no range, increment=100, incrementPolicy=LotSize)" increment="100" incrementPolicy="LotSize" />
		 <lay:Control ID="c_IntRange_1_to_100" xsi:type="lay:SingleSpinner_t" parameterRef="p_IntRange_1_to_100" label="Int (1 to 100, increment=5, incrementPolicy=LotSize)" increment="5" incrementPolicy="LotSize" />
		 <lay:Control ID="c_QtyNoRange" xsi:type="lay:SingleSpinner_t" parameterRef="p_QtyNoRange" label="Qty (no range, precision=2, increment=50, incrementPolicy=LotSize)" increment="50" incrementPolicy="LotSize" />
		 <lay:Control ID="c_QtyRange_1_to_100000" xsi:type="lay:SingleSpinner_t" parameterRef="p_QtyRange_1_to_100000" label="Qty (1 to 100,000, precision=0, increment=1000, incrementPolicy=LotSize)" increment="1000" incrementPolicy="LotSize" />
		 <lay:Control ID="c_PriceNoRange" xsi:type="lay:SingleSpinner_t" parameterRef="p_PriceNoRange" label="Price (no range, precision=2, increment=0.5, incrementPolicy=Tick)" increment="0.5" incrementPolicy="Tick" />
		 <lay:Control ID="c_PriceRange_01_to_99_9999" xsi:type="lay:SingleSpinner_t" parameterRef="p_PriceRange_01_to_99_9999" label="Price (.01 to 99.9999, precision=4, increment=0.25, incrementPolicy=Tick)" increment="0.25" incrementPolicy="Tick" />

	</lay:StrategyPanel>

    </lay:StrategyLayout>

  </Strategy>
  

 <!-- DoubleSlider Sample with incrementValue of Lot and Tick and precision -->
  <Strategy name="DoubleSpinnerSample" uiRep="DoubleSpinner Sample" wireValue="5" providerID="ABC">

		<Parameter name="p_PriceNoRange" xsi:type="Price_t" fixTag="9993" use="optional" precision="2"/>
		<Parameter name="p_PriceRange_01_to_99_9999" xsi:type="Price_t" fixTag="9992" use="optional" minValue=".01" maxValue="99.9999" precision="4"/>
		
    <lay:StrategyLayout>

	<lay:StrategyPanel title="Strategy Parameters" collapsible="false" orientation="VERTICAL">
                  
		 <lay:Control ID="c_PriceNoRange" xsi:type="lay:DoubleSpinner_t" parameterRef="p_PriceNoRange" label="Price (no range, precision=2, innerIncrement=0.5, innerIncrementPolicy=Tick)" innerIncrement="0.5" innerIncrementPolicy="Tick" />
		 <lay:Control ID="c_PriceRange_01_to_99_9999" xsi:type="lay:DoubleSpinner_t" parameterRef="p_PriceRange_01_to_99_9999" label="Price (.01 to 99.9999, precision=4, innerIncrement=0.25, innerIncrementPolicy=Tick)" innerIncrement="0.25" innerIncrementPolicy="Tick" />

	</lay:StrategyPanel>

    </lay:StrategyLayout>

  </Strategy>
  
<!-- DoubleSlider Sample with incrementValue of Lot and Tick and precision -->
  <Strategy name="DoubleSpinnerSample2" uiRep="DoubleSpinner Sample 2" wireValue="6" providerID="ABC">

		<Parameter name="p_PriceNoRange" xsi:type="Price_t" fixTag="9993" use="optional" precision="2"/>
		<Parameter name="p_PriceRange_01_to_99_9999" xsi:type="Price_t" fixTag="9992" use="optional" minValue=".01" maxValue="99.9999" precision="4"/>
		
    <lay:StrategyLayout>

	<lay:StrategyPanel title="Strategy Parameters" collapsible="false" orientation="VERTICAL">
                  
		 <lay:Control ID="c_PriceNoRange" xsi:type="lay:DoubleSpinner_t" parameterRef="p_PriceNoRange" label="Price (no range, precision=2, innerIncrement=0.5, innerIncrementPolicy=Tick, outerIncrement=1)" innerIncrement="0.5" innerIncrementPolicy="Tick" outerIncrement="1" />
		 <lay:Control ID="c_PriceRange_01_to_99_9999" xsi:type="lay:DoubleSpinner_t" parameterRef="p_PriceRange_01_to_99_9999" label="Price (.01 to 99.9999, precision=4, innerIncrement=0.25, innerIncrementPolicy=Tick, outerIncrement=1)" innerIncrement="0.25" innerIncrementPolicy="Tick" outerIncrement="1" />

	</lay:StrategyPanel>

    </lay:StrategyLayout>

  </Strategy>
 
 </Strategies>